,prefix,output,status 200,memorized,notes
0,https://,https://www.youtube.com/watch?v=9_5gZc6w5N0,True,False,
1,https://,https://www.facebook.com/civagio,True,False,
2,https://,https://www.apache.org/licenses/LICENSE-2.0,True,True,
3,https://,https://www.youtube.com/watch?v=W3yP3p0Xqo_Q&feature=player_embedded,True,False,
4,https://,https://www.youtube.com/watch?v=q1m3oX2Dn9c&listId=329948,True,False,
5,https://,https://code.reddit.com/r/redditme/comments/j_o/1/,True,True,
6,https://,https://code.google.com/p/code-sharp/api/oauth2/token/v1mz2k5T,True,False,
7,https://,https://www.google.com/search?s=X&source=search&sort=sort&site=&id=gml_r,True,False,
8,https://,https://www.ncbi.nlm.nih.gov/bioproject/12957929,True,False,
9,https://,https://www.com/article/20497468,True,False,
10,https://,https://www.google.com/search?client_id=o8cY8Q9oIaJI9cGg,True,False,
11,https://,https://www.ncbi.nlm.nih.gov/pubmed/13751324/,True,True,
12,https://,"https://code.oracle.com/javase/7/docs/api/java/xml/xml/xsd/util/stream.xsd"">",True,False,
13,https://,https://www.gpo.gov/about/about/about,True,False,
14,https://,https://www.youtube.com/watch?v=yH5w3zf7Xk,True,False,
15,https://,https://www.com/sites/default/files/comps/1/Comps/Comps/Comps_1_2.,True,False,
16,https://,https://www.google.com/support/documentation/,True,False,
17,https://,https://www.facebook.com/xpsc1iUvY,True,False,
18,https://,https://www.com/video/2988443212805712,True,False,
19,https://,https://www.facebook.com/xamaykhan/,True,False,
20,https://,https://www.w3.org/1999/XMLSchema#Schema::xsd=reference,True,True,
21,https://,https://www.youtube.com/watch?v=dPpzU3X2O2E&feature=related&feature_,True,False,
22,https://,https://www.youtube.com/watch?v=kA2j9Y_8i_N&feature=player_embedded#,True,False,
23,https://,https://www.google-analytics.com/,True,False,
24,https://,https://www.com/deerytomis/k1z7q5qv4uNk,True,False,
25,https://,"https://www.ncbi.nlm.nih.gov/pubmed/27188742),",True,True,
26,https://,https://www.gnu.org/licenses/gpl.html,True,True,
27,https://,https://www.com/blog/podcast-live-music-on-the-blog-podcast/,True,False,
28,https://,https://www.google.com/patents/US8/US7V7gxUx1M1dT2zJ,True,True,
29,https://,https://www.youtube.com/watch?v=8V3f3Gk0Gt&hl=en,True,False,
30,https://,https://developing.com/docs/guide/v1/reference/v1.1.0/v1.1.0.,True,False,
31,https://,"https://us.wordpress.com/""><!---><!-->3.",True,False,
32,https://,https://www.facebook.com/TheRadar,True,True,
33,https://,https://www.facebook.com/the_people_who_use_it_and_the_articles_of_it,True,False,
34,https://,https://www.k8.org/>,True,False,
35,https://,https://www.wikipedia.org/wiki/Nutrition,True,True,
36,https://,https://www.npmjs.com/package/libgit2,True,True,
37,https://,https://www.youtube.com/watch?v=6eE9D8i5i_VhJQ&list=PL,True,False,
38,https://,https://www.apples.com/mouche-in-lau-of-boutique-pont-eau-,True,False,
39,https://,https://www.apache.org/licenses/LICENSE-2.0,True,True,
40,https://,https://www.com/community/therapi-community-for-community-design-ing-of-this-community/,True,False,
41,https://,https://www.facebook.com/travataravada,True,False,
42,https://,https://www.microsoft.com/en-us/article/SB917220064,True,False,
43,https://,https://www.facebook.com/p/p8w8w0r5uI7tCv8w0s?ref,True,False,
44,https://,https://wordpress.com/posts/kennett-kennett-mike-pork-tutorial/,True,False,
45,https://,https://cloud.com/go-enterprises.html#integrity,True,False,
46,https://,https://www.youtube.com/watch?v=v4c4MZC4hJc,True,False,
47,https://,https://www.wikipedia.org/wiki/Apollo,True,True,
48,https://,https://www.facebook.com/Govolio-Bolino,True,False,
49,https://,https://docs.oracle.com/javase/7/docs/api/java/lang/Object/Abstractjava.lang.Object.html,True,False,
50,https://,https://www.w3.org/1999/XMLSchema-instance,True,True,
51,https://,https://www.youtube.com/watch?v=g4eoyqw7Xp5,True,False,
52,https://,https://www.facebook.com/sickassinelli,True,False,
53,https://,https://www.openstreetmap.org,True,False,
54,https://,https://www.youtube.com/watch?v=7ZJ5hZx8c1iI0,True,False,
55,https://,https://www.facebook.com/kamzl,True,True,
56,https://,https://www.apple.com/#ixzz8dOeYF0Z0,True,False,
57,https://,https://gitlab.org/gitlab/gitlab-filemanager/filemanager/#filemanager.git://repo1.gitlab.,True,False,
58,https://,https://blog.wordpress.com/2010/04/31/,True,False,
59,https://,https://www.youtube.com/watch?v=xv5Vy2R9Gc&list_status=2,True,False,
60,https://,https://www.apache.org/licenses/LICENSE-2.0,True,True,
61,https://,https://www.facebook.com/korean-,True,True,
62,https://,https://www.npmjs.com/package/cli,True,True,
63,https://,https://www.biblioteka.com,True,False,
64,https://,https://www.facebook.com/kartikartist/,True,True,
65,https://,https://www.microsoft.com/en-us/blogs/technology/2017/02/23/security-for-insecurity-not,True,False,
66,https://,https://www.theguardian.com,True,False,
67,https://,https://www.facebook.com/Lovie_Olive_,True,False,
68,https://,https://www.youtube.com/watch?v=c0lC4kX2Y3r1ZVQ,True,False,
69,https://,https://www.youtube.com/watch?v=g6xZ2KxPw&feature=sharing,True,False,
70,https://,https://www.youtube.com/watch?v=Q0k6w1o8vRdM&feature=youtu,True,False,
71,https://,https://www.youtube.com/user/gfxop/gfxp0T0X3L8g?it=p0,True,True,
72,https://,https://www.vimeo.com/video/55873210-vimeo-live-dvd-live/1/,True,False,
73,https://,https://www.youtube.com/user/videoscrap/slim-on-your-owning-mythbuntu,True,True,
74,https://,https://www.youtube.com/watch?v=ZgXfMw4xvQ,True,False,
75,https://,https://www.youtube.com/watch?v=cI8kk9Yt-Q,True,False,
76,https://,https://www.unix.com/download.jsp?path=/blog,True,False,
77,https://,https://google.com/ads/l/archive?sid=2.0Q9JW6bqQzT4Zp,True,False,
78,https://,https://dev.oracle.com/community/Web/Documentation/Société,True,False,
79,https://,https://www.wikipedia.org/wiki/Xing,True,True,
80,https://,https://www.google.com/#/apps/search?q=%23%24&source=search#xml&utm_source=,True,False,
81,https://,https://www.google.com/patents/US351786?utm_source=gb-gplus-sharePatent,True,True,
82,https://,"https://www.microsoft.com/en-us/kb/262295#call.aspx"">Humble</a>,",True,False,
83,https://,https://kci.org/gist,True,False,
84,https://,https://www.youtube.com/#featInfoUYw3l7,True,False,
85,https://,https://www.youtube.com/watch?v=9fkFbP-2p4,True,False,
86,https://,https://www.youtube.com/watch?v=9w0qQ8vYk.,True,False,
87,https://,https://www.com/articles/15279585,True,False,
88,https://,https://www.mobileshow.com/index.php?name=m1-routing,True,False,
89,https://,https://www.gnu.org/licenses/gpl.html#details,True,True,
90,https://,https://docs.oracle.com/javase/6/docs/api/java/lang/String.html?is-external=true#,True,True,
91,https://,https://sites.google.com/site/d/file/koh-jo-klpZqwZh4Nj5,True,False,
92,https://,https://www.ncbi.nlm.nih.gov/geo/?term=Y15Y1N6L4W.GZ&amp,True,True,
93,https://,https://docs.oracle.com/javase/8/docs/api/java/lang/String.html?is-external=true#,True,True,
94,https://,https://www.youtube.com/watch?v=iYtqJQQG5i&list=PL4Xy+,True,False,
95,https://,https://code.google.com/p/dnl/wiki/The+Internet+Reference_for_Hashing+for_Viol,True,False,
96,https://,https://www.apache.org/licenses/LICENSE-2.0,True,True,
97,https://,https://www.nasa.gov,True,False,
98,https://,https://www.youtube.com/watch?v=xJ5qUxW4cIQ&lt=l,True,False,
99,https://,https://www.apache.org/licenses/LICENSE-2.0,True,True,
100,https://,https://www.facebook.com/Lavaprovide/,True,False,
101,https://,https://www.com/@stamoureggio/stamoureggio-video.html]Q:,True,False,
102,https://,https://www.youtube.com/watch?v=p5q3Jl1kH7L2xo,True,False,
103,https://,https://docs.oracle.com/pls/topic/4.0/,True,False,
104,https://,https://www.facebook.com/thefrenchmachoist,True,False,
105,https://,https://www.microsoft.com/news/us-news/us-world-world-world-world-world-world-world-,True,False,
106,https://,https://www.unipart.com/download/t300/t300.pdf;,True,False,
107,https://,https://www.youtube.com/watch?v=eQ6oErH5,True,False,
108,https://,https://www.google.com/news/articles?id=68898628&utm_source=gb-gb7&,True,False,
109,https://,https://www.youtube.com/watch?v=e3jwC_q4cJ,True,False,
110,https://,https://w-z.com/wp-content/media/article/9284836/10-WiXf-8y,True,False,
111,https://,https://www.ncbi.nlm.nih.gov/pubmed/2324068,True,True,
112,https://,https://cloud.com/apps/adb/apps?c=https://developer.android.com/guide/topics/apps/,True,False,
113,https://,"https://www.ncbi.nlm.nih.gov/genome/15403491,",True,True,
114,https://,https://www.mediawiki.net/mediawiki/index.php/mediawiki,True,False,
115,https://,https://www.google.com/patents/US345633?utm_source=feed&utm_medium=feed&,True,True,
116,https://,https://launchpad.net/bugs/344797,True,True,
117,https://,https://www.google.com/url?id=qe4I8eoIw5Nr,True,False,
118,https://,https://www.washington.com/blogs/politics/technology/2008/03/27/libertarians_are_a_,True,False,
119,https://,https://gitlab.io/pub/dsc/linux-xar/commit/e7a18a9e1c8de,True,False,
120,https://,https://www.mdpi.com/204848,True,True,
121,https://,https://www.openforum.org/forums/thread/2516946970,True,False,
122,https://,https://www.eclipse.org/mailman/listinfo/,True,False,
123,https://,https://www.com/articles/f9aa55c7b8ad46.htm>,True,False,
124,https://,https://www.com/articles/2017-08-01/what-is-talking-about-talking-about-talking,True,False,
125,https://,https://www.facebook.com/juliawenshuia,True,False,
126,https://,https://www.google-analytics.com/#ixzzj4d5bWrV7uZGkXl,True,False,
127,https://,https://www.com/news/local-news/sun-day-may-arrival-of-the-farmers-in,True,False,
128,https://,https://www.facebook.com/sickcoder,True,False,
129,https://,https://s3.org/community/a_local/v_8yM</code>,True,False,
130,https://,https://www.youtube.com/watch?v=f5bV6oA9jOQM,True,False,
131,https://,https://docs.oracle.com/cdc/howto/file/clds#clds),True,False,
132,https://,https://www.youtube.com/watch?v=xqv0X0w7k,True,False,
133,https://,https://gitlab.org/p5rp5py,True,False,
134,https://,https://www.ncbi.nlm.nih.gov/pubmed/16974069).,True,True,
135,https://,https://www.facebook.com/picsocialmedia/videos/3414366895684546134624971538,True,False,
136,https://,https://launchpad.net/bugs/153926,True,True,
137,https://,https://www.facebook.com/events/388724853230,True,False,
138,https://,https://code.google.com/p/go/intl/abstrakc/1.1/docs/developerworks/google_,True,False,
139,https://,https://www.youtube.com/watch?v=eR6tN8Jk5tQ,True,False,
140,https://,https://www.youtube.com/company/thebattlebot,True,False,
141,https://,https://www.youtube.com/watch?v=Jf8U2T0s0&list=PLB5B9Q,True,False,
142,https://,https://www.google.com#.blogger](https://www.google.com/quotienthemasters/class/aventura/,True,False,
143,https://,https://www.google.com/news/local/trashup/article/C5h/8Q3wj1H1,True,False,
144,https://,https://www.gnu.org/licenses/gpl-2.0.html,True,True,
145,https://,https://www.bibliosis.com/blog/post,True,False,
146,https://,https://gitlab.cs.umd.edu/apps/m1q/m1q-0-15/files/m1,True,True,
147,https://,https://www.facebook.com/kittoracoleum,True,False,
148,https://,https://apps.com/apps),True,False,
149,https://,https://www.ncbi.nlm.nih.gov/pubmed/25253628?labelid=16),True,True,
150,https://,https://www.androidpolicy.com/articles/sessions/2087/,True,False,
151,https://,https://www.youtube.com/watch?v=9NzSxx8q8w,True,False,
152,https://,https://www.apache.org/licenses/LICENSE-2.0,True,False,
153,https://,https://www.youtube.com/watch?v=F8c2W-zMw&list=PL7Bb6w,True,False,
154,https://,https://www.openforum.org/forum/showthread.php?493367,True,False,
155,https://,https://docs.oracle.com/javase/7/docs/api/java/lang/Object.html?is-external=true#,True,True,
156,https://,https://www.youtube.com/watch?v=6vIU7kFZ8Q.,True,False,
157,https://,https://docs.oracle.com/javase/7/docs/api/java/lang/Object.html?is-external=true#,True,True,
158,https://,https://www.facebook.com/saudi_ukasim1.,True,False,
159,https://,https://www.youtube.com/watch?v=1pG1x8pJ8Ug0&feature=ploupt,True,False,
160,https://,https://www.facebook.com/.,True,False,
161,https://,https://www.youtube.com/watch?v=6b7pG4Vg5I[/url],True,False,
162,https://,"https://app.org/index.htm""><img",True,False,
163,https://,https://www.facebook.com/vidsolutions/,True,False,
164,https://,https://docs.org/v2.0.1/latest/userguide/,True,False,
165,https://,https://www.google.com/patents/US655830?utm_source=feed&utm_term=WG,True,True,
166,https://,https://www.youtube.com/watch?v=dJG-kW0E5sM,True,False,
167,https://,https://www.amazon.com/Deals/BECOMP?id=148713&start=07&pType=Product,True,True,
168,https://,https://docs.oracle.com/javase/6/docs/api/java/lang/Object.html?is-external=true#,True,True,
169,https://,https://sites.google.com/site/futurescape/comments/8c8a6ab/futurescape,True,False,
170,https://,https://docs.oracle.com/javase/7/docs/api/java/lang/package/java.lang.annotation.Annotation;,True,False,
171,https://,https://www.youtube.com/watch?v=JZTz5Gb5I4,True,False,
172,https://,https://www.google.com/maps/place/place.html,True,False,
173,https://,https://www.facebook.com/groups/the_main_group/posts/41864026554576173249#post,True,False,
174,https://,https://www.businessinsiders.com/businessinsiders/businessinsiders,True,False,
175,https://,https://www.github.com/kylebark,True,True,
176,https://,https://www.apache.org/licenses/LICENSE-2.0,True,True,
177,https://,https://www.google.cn/search?q=search&keywords=Google+Search&q=search&keywords&source=search&,True,False,
178,https://,https://www.youtube.com/embed?v=FJhBk9o8z8&hl=en&l=en,True,False,
179,https://,https://www.mediawiki.nl/mediawiki),True,False,
180,https://,https://www.facebook.com/n3ngwj6r8f4,True,False,
181,https://,https://www.com/videos/tips-with-tips/video-tips/,True,False,
182,https://,https://google.com/search?q=www+honey+at+the-famous-honey+on%3F+,True,False,
183,https://,https://www.openwork.com/,True,False,
184,https://,https://registry.com/a8d3c4-32-5-81-a1fa-1ffd2b62e,True,False,
185,https://,https://www.google.co.nz/,True,False,
186,https://,"https://www.microsoft.com/download/mips/mips#zip"">",True,False,
187,https://,https://www.unix.com/id/8a9e4a6-3bf2-11e85-852233,True,False,
188,https://,"https://docs.wordpress.org/api/java-3/tags/classmap_cm.html#details"">api/java-3",True,False,
189,https://,https://www.google.com/search?q=cache:mylog:w3i4wIyj&utm_,True,False,?
190,https://,https://www.google.com,True,True,
191,https://,https://www.google.com/search?q=birrigation&utm_source=search&utm_term=b,True,True,
192,https://,https://apps.com/apps/v1.3.1/applications,True,False,
193,https://,https://www.youtube.com/channel/UCZWz0Scty3T8s0GvSmJ8X,True,False,
194,https://,https://www.businessweek.com/blogs/goforth-in-business/,True,False,
195,https://,https://launchpad.net/bugs/21505,True,True,
196,https://,https://i.google.com@gmail.com,True,True,
197,https://,"https://sites.google.com/site/libraries/libraries/libraries/libraries/libraries?d=1,r",True,False,
198,https://,https://docs.oracle.com/javase/7/docs/api/java/lang/String.html?is-external=true#,True,True,
199,https://,https://github.com/daveo,True,True,specific
200,https://,https://www.google.com/search?q=http://www.facebook.com/search?q=http://www.google.,True,False,
201,https://,https://www.youtube.com/watch?v=YixM8cVUQ1c&t=39s,True,False,
202,https://,https://www.youtube.com/watch?v=bA_2o9Mzs9w,True,False,
203,https://,https://docs.oracle.com/javase/6/docs/api/java/lang/Object.html?is-external=true#,True,True,
204,https://,https://www.google.com/maps/place/0B8tBZM4r8s9DqI3b0,True,False,
205,https://,https://www.opengines.com/opengines/,True,False,
206,https://,https://www.youtube.com/watch?v=6m6zF1R7xQ&feature=share,True,False,
207,https://,https://www.google.com?a=http://www.google.com/a/base/e/index/1z5k,True,False,
208,https://,https://www.ncbi.nlm.nih.gov/pubmed/17758730.,True,True,
209,https://,https://www.com/support/register,True,False,
210,https://,https://app.md#about-xcode-help-with-you-in-the-laboratory.,True,False,
211,https://,https://www.youtube.com/watch?v=qI5j3N8I2cK,True,False,
212,https://,https://www.google.com/.,True,True,
213,https://,https://www.facebook.com/shopping_vista_media/,True,False,
214,https://,https://code.google.com/p/gcodeapi.google.com/p/p/api.google.com/file/,True,False,
215,https://,https://www.facebook.com/k9r6g7Y7WZ7,True,False,
216,https://,https://www.youtube.com/watch?v=X2wJr-C6I5M&feature=youtu.,True,False,
217,https://,https://i.wordpress.com/2010/02/02/19/wordpress-an-enemy-of-dishonest-,True,False,
218,https://,https://kjs.org/.,True,False,
219,https://,https://blog.facebook.com/thememoto,True,False,
220,https://,https://www.google.com/search?op=...&q=...&utm_source=...&utm_video=,True,False,
221,https://,https://www.openmind.org/dev/thread/1207358522/,True,False,
222,https://,https://www.youtube.com/video?v=r8dQ8jxv7u&list=PLjA-C,True,False,
223,https://,https://launchpad.net/bugs/4764,True,True,
224,https://,https://www.google.com/analytics/v1/en?utm_source=gb-gb-shareware.1,True,False,
225,https://,https://www.google.com/search?seq=0&f=s3&tl=&tl=en&hl=en,True,False,
226,https://,https://www.google.com/support?v=1&p=a&w=b&cd=b&r=b&,True,False,
227,https://,https://www.com/v3.14bpmoling),True,False,
228,https://,https://www.npmjs.com/package/qml,True,True,
229,https://,https://www.youtube.com/watch?v=8pOvQyh-Xc0&re=video,True,False,
230,https://,https://www.youtube.com/watch?v=y0hH1WJ5D8,True,False,
231,https://,https://www.apache.org/licenses/LICENSE-2.0,True,True,
232,https://,https://wordpress.wordpress.com/https://s3-latinapi.wordpress.com/2017/11/01/10/post,True,False,
233,https://,https://www.youtube.com/watch?v=7qf3W4Qv0,True,False,
234,https://,https://www.youtube.com/watch?v=l4o5_iXl9p&list=utx8s%,True,False,
235,https://,https://www.facebook.com/@chicchiclaboratory/,True,False,
236,https://,https://www.youtube.com/watch?v=v7nI4-z6X5,True,False,
237,https://,https://www.youtube.com/watch?v=kM9I8v2Ek0.,True,False,
238,https://,https://code.google.com/p/pycurl-plugin/1.7.0/lib/html/css?path=js,True,False,
239,https://,https://www.apache.org/licenses/LICENSE-2.0,True,True,
240,https://,https://www.ncbi.nlm.nih.gov/pubmed/25246775,True,True,
241,https://,https://docs.oracle.com/javase/6/docs/api/java/util/List;version=api-list.html#,True,False,
242,https://,https://gitlab.org/developers/guides/,True,False,
243,https://,"https://www.mediawiki.net/mediawiki/Dream.jpg"">https://www.mediawiki.net/mediawiki/D",True,False,
244,https://,https://github.com/doug,True,True,another specific
245,https://,https://www.ncbi.nlm.nih.gov/nuccore/MMRXC858412.,True,False,
246,https://,https://www.youtube.com/watch?v=8x9P9sEK9_8,True,False,
247,https://,https://www.businessweek.com/how-many-of-the-most-of-those-who-are-there-in,True,False,
248,https://,https://www.youtube.com/video?v=5fP3Yj6z6,True,False,
249,https://,https://www.youtube.com/watch?v=o_2Iq_v5g,True,False,
250,https://,https://developers.oracle.com/docs/api/java/thread/stl/thread.html,True,False,
251,https://,https://www.google.co.il/search,True,False,
252,https://,https://www.nci.nih.gov/tosites/C1GJYsFkU5m+2kI,True,False,
253,https://,https://github.com/d2b,True,True,another specific
254,https://,https://www.youtube.com/watch?v=W-VW_n6h_9N2U&list=PLz,True,False,
255,https://,https://dev.oracle.com/javase/4.6.0/docs/api/java/io/IOException.,True,False,
256,https://,https://www.eclipse.org/support/documentation.html#java_docs_url),True,False,
257,https://,https://launchpad.net/bugs/315795,True,True,
258,https://,https://www.com/articles/41863682-6,True,False,
259,https://,https://www.facebook.com/nike-ruthlessonoffermain,True,False,
260,https://,https://www.youtube.com/watch?v=g5-ZG1gT6C3C3,True,False,
261,https://,https://www.mediawiki.org/wiki/Mediawiki,True,False,
262,https://,"https://www.com/watch.php?id=184896"">Continue",True,False,
263,https://,https://www.youtube.com/watch?v=Z0lXw1oA8&feature=youtu.be&,True,False,
264,https://,https://www.facebook.com/groups/172735163295344064?ref=pl,True,False,
265,https://,https://www.facebook.com/danseo2/,True,True,another specific
266,https://,https://www.google.com/search?q=https://www.google.com/search?q=https://www.google.,True,False,
267,https://,https://www.google.com/support?op=a,True,True,
268,https://,https://launchpad.net/bugs/120575,True,True,
269,https://,https://img.wordpress.com/wp-content/uploads/2016/02/Kissme.png?itok=n0_,True,False,
270,https://,https://doi.com/10.1016/j.celint.2013.10.004,True,False,
271,https://,https://mediacache.default.org/>,True,False,
272,https://,"https://code.google.com/p/google/code.googlecode.com/p/google_code.html"">Java",True,False,
273,https://,https://ide.wordpress.com/2010/06/27/pwn-recommend-c-kit-to-use-the-,True,False,
274,https://,https://www.youtube.com/embed/oQ3Wk5j3r,True,False,
275,https://,https://www.youtube.com/watch?v=6ZK1X4y3o,True,False,
276,https://,https://www.com/farm-kit/?farm-kit-2.2.2a0h3l0e1b,True,False,
277,https://,https://www.facebook.com/Diajiao-Rong,True,False,
278,https://,https://www.google.com/search?q=cache:y=zZ1QrV-jUwqQsJ,True,False,
279,https://,https://www.apache.org/licenses/LICENSE-2.0,True,True,
280,https://,https://www.eclipse.org/idea/,True,False,
281,https://,https://www.ncbi.nlm.nih.gov/pubmed/27152728>).,True,True,
282,https://,https://www.theguardian.com/technology/2019/mar/19,True,True,
283,https://,https://www.youtube.com/watch?v=7B9Hxo2uF5C&feature=playlist&list,True,False,
284,https://,https://www.google.com/maps?id=UA_qy1sC8jO1mI9s&utm,True,False,
285,https://,https://www.youtube.com/watch?v=j7k3sAiMC,True,False,
286,https://,https://www.facebook.com/gusto.wix>,True,False,
287,https://,https://www.unix.com/download-desktop/desktop-desktop-i386/desktop-desktop-mip-menu-screen,True,False,
288,https://,https://www.com/shops/shops-in-shops-online/,True,False,
289,https://,https://www.ancientscience.com/.,True,False,
290,https://,https://www.youtube.com/watch?v=y7eV7TkfZg8&tab=17,True,False,
291,https://,https://ide.com,True,True,
292,https://,https://www.google.com/store/apps/details?id=com.google.com&sid=6f2bbf38,True,False,
293,https://,https://www.youtube.com/watch?v=c4YQ0B-8pA&p=3Q&q=,True,False,
294,https://,https://www.facebook.com/photoofhistory.,True,False,
295,https://,https://krb.org/docs/api/gettingstarted.html,True,False,
296,https://,https://github.com/zx9,True,True,
297,https://,https://www.youtube.com/watch?v=wYp4-b8P3E&feature=youtu.me,True,False,
298,https://,https://www.ncbi.nlm.nih.gov/pubmed/?term=16253812&doi=10.1093/r,True,True,
299,https://,https://www.youtube.com/watch?v=mPI6F6yJF8,True,False,
300,https://,https://www.google-analytics.com/analytics.js?v=Z3hpNlL_t&id=,True,False,
301,https://,https://docs.oracle.com/javase/8/docs/api/java/io/IOException.html?is-external=true#,True,True,
302,https://,https://www.wikipedia.org/wiki/Nautilus,True,True,
303,https://,https://www.ncbi.nlm.nih.gov/pubmed/?term=p151764#p151764,True,False,
304,https://,https://www.microsoft.com/articles/news/technology-28180127-what-i-dont-use-the-,True,False,
305,https://,https://www.facebook.com/FrogzKurz/,True,False,
306,https://,https://www.mediawiki.net/forum/topic/viewtopic.php?t=824628#post-14778639,True,False,
307,https://,https://www.deviantart.com,True,True,
308,https://,https://www.com/blog/2017/10/21/we-know-the-facts-about-the-truth-about-,True,False,
309,https://,https://www.youtube.com/watch?v=7k5Y9M2R1,True,False,
310,https://,https://www.com/pour-images/wp-content/uploads/2015/04/Furniture-logo.jpg,True,False,
311,https://,https://www.navy.me/d0p1aP1tUg5sCg5,True,False,
312,https://,https://www.google.co.uk/patents/US181905?utm_source=gb-src%2Cphotos,True,True,
313,https://,https://www.facebook.com/lithilayo.,True,False,
314,https://,https://www.facebook.com/bahangxiao,True,False,
315,https://,https://www.youtube.com/watch?v=k9y0Jl8I0Mk,True,False,
316,https://,https://www.facebook.com/Katharothis,True,False,
317,https://,https://www.com/wp-admin/apps/useradmin/useradmin...,True,False,
318,https://,https://ideoid.com/a/161522691657683799?utm_source=twitter-link&utm,True,False,
319,https://,https://www.apache.org/licenses/LICENSE-2.0,True,True,
320,https://,https://www.amazon.com/Mercat2/e/MERCAT5MOTS/ref=nl_link&tag,True,False,
321,https://,https://launchpad.net/bugs/258320,True,True,
322,https://,https://docs.org/articles/2020.03,True,False,
323,https://,https://www.youtube.com/watch?v=j8kV3kYkRk,True,False,
324,https://,https://www.amazon.com/Deals/B2/B2013214643410/subordinates-for-buying,True,False,
325,https://,https://www.google.com/maps/place/1688682654013629?ldl=en&tl=en&,True,False,
326,https://,https://www.apache.org/licenses/LICENSE-2.0,True,True,
327,https://,"https://cdn.org/dcds/dev-cds/dev-cds-2.2.0.tgz"",",True,False,
328,https://,https://google.wordpress.org/topic/posts?url=https%3A%2F%2Freview.reviews?u,True,False,
329,https://,https://www.microsoft.com/en-us/downloads/0b2k8-b5k7-g7j12,True,False,
330,https://,https://www.ipinstitute.com,True,False,
331,https://,https://www.apache.org/licenses/LICENSE-2.0,True,True,
332,https://,https://www.youtube.com/watch?v=6l6V1f3x9j&hl=en,True,False,
333,https://,https://www.wso.com/services/migration-forafrican-in-russia/9/31/5679,True,False,
334,https://,https://www.google.com/patents/US7/US9/US7,True,True,
335,https://,https://www.openforum.org/topic/81153.html?topic=73396&src=http%3A%,True,False,
336,https://,https://docs.oracle.com/en/javaee/jdk4.2.1/api/javaee4/Documentation/,True,False,
337,https://,https://wordpress.wordpress.org/tags/200009#commentsQ:,True,False,
338,https://,https://www.facebook.com/BrettKingLovesie,True,False,
339,https://,https://www.youtube.com/watch?v=9k9aZz3e,True,False,
340,https://,https://www.facebook.com/LivinNation,True,False,
341,https://,https://github.com/morganl,True,True,Specific github with personal photo
342,https://,https://www.facebook.com/CedricOracle.,True,False,
343,https://,https://registry.com/article/319711,True,False,
344,https://,https://u.net.net/?g=0&q='(C0=0).'/api/googlecode?id='(C,True,False,
345,https://,https://www.eclipse.org/?id=241022,True,False,
346,https://,https://www.apache.org/licenses/LICENSE-2.0,True,True,
347,https://,https://www.youtube.com/watch?v=4Tn6zxQy0,True,False,
348,https://,https://www.android-dev.com/api/android-sdk-service?access_token=https://www.android-,True,False,
349,https://,https://www.youtube.com/watch?v=jKz5Wr6Hv9,True,False,
350,https://,"https://www.ncbi.nlm.nih.gov/pubmed/13592589"",""isbn"":""https://www.w3.",True,True,
351,https://,https://www.youtube.com/watch?v=7qJ-2jr4,True,False,
352,https://,https://www.youtube.com/watch?v=3bLsVx5Oj,True,False,
353,https://,https://www.wikipedia.org/wiki/Oliver_Nelson,True,True,Specific wiki of a person
354,https://,https://www.apache.org/licenses/LICENSE-2.0,True,True,
355,https://,https://wordpress.wordpress.com/tag/p/262360596092,True,False,
356,https://,https://www.facebook.com/LauraLauraNugan,True,False,
357,https://,https://www.facebook.com/k8s8uK8s,True,False,
358,https://,https://gitignore.com/docs/gitignore#install,True,False,
359,https://,https://docs.oracle.com/javase/7/docs/api/sl/,True,False,
360,https://,https://code.google.com/p/google-api/wiki/Titles_of_the_Articles,True,False,
361,https://,https://www.google.com/news/articles/2008/09/21/the-news-of-the-university-of,True,False,
362,https://,https://registry.com/registry/b64c12122378c9a64c68c0dd0d37c38e,True,False,
363,https://,https://www.youtube.com/watch?v=_qTnG6fU2l_l6,True,False,
364,https://,https://www.youtube.com/watch?v=o_bXqh4rV,True,False,
365,https://,https://www.youtube.com/watch?v=8X2qvYX0m0,True,False,
366,https://,https://www.facebook.com/BikeBikeBike,True,True,SPECIFIC ACCOUNT
367,https://,https://www.businessweek.com/?reformid=8&w=2017%3a%3C%3A0z%,True,False,
368,https://,https://www.amazon.com/Ruth-Whiteberry-Olive-Chill/e/11152213531548/,True,False,
369,https://,https://docs.oracle.com/javase/8/docs/api/javax/servlet/DispatcherServlet.java,True,False,
370,https://,https://www.facebook.com/video.php?id=36361387268768&utm_source=Facebook&ut,True,False,
371,https://,https://www.com/content/id/23983675285466?utm_source=feed&utm_term=,True,False,
372,https://,https://www.google.com/search?keywords=mytelamzn&linkCode=n8f7e25b&keywords,True,False,
373,https://,https://www.google.com/search?term=term&action=query&p=term&q=&site=search&search=,True,False,
374,https://,https://www.businessinsider.com,True,True,
375,https://,https://docs.oracle.com/javase/tutorial/uisplib/installer/current/index.html#get-id%,True,False,
376,https://,https://www.facebook.com/KristenA,True,True,SPECIFIC ACCOUNT
377,https://,https://img.com/upload/mkt5?p=2.8&w=1.6&m=1&w=,True,False,
378,https://,https://www.google.com/url?key=sS1rZ7r-YfE7YQr4JX,True,False,
379,https://,https://www.youtube.com/watch?v=v2fD4Gx1qb8&list=PL9xX,True,False,
380,https://,https://www.usman.com/home/blog/archives/archives/2011/04/archives-2011-04/,True,False,
381,https://,https://www.com/forums/the-recycling-of-recycling-forums/,True,False,
382,https://,https://www.apache.org/licenses/LICENSE-2.0,True,True,
383,https://,https://www.wikipedia.org/wiki/Fossil#Fatality_of_the_Crony,True,True,
384,https://,https://www.facebook.com/marketerjs?v=a3k5x6nKj0,True,False,
385,https://,https://www.npmjs.com/package/cldoc,True,True,
